<?xml version="1.0" encoding="UTF-8"?><metadata>
    <idinfo>
        <citation>
            <citeinfo>
                <title>Map</title>
            </citeinfo>
        </citation>
        <descript>
            <abstract>Esri ArcGIS Online (AGOL) Hosted Feature Layer which provides access to the MDOT SHA County Boundaries data product.MDOT SHA County Boundaries data consists of polygon geometric features which represent the geographic area &amp;amp; extent (boundary) of each County throughout the State of Maryland. MDOT SHA County Boundaries data is used by various transportation business units throughout the Maryland Department of Transportation (MDOT), as well as many other Federal, State, &amp;amp;  local government agencies. This data is key to understanding the geographic area &amp;amp; extent of each County throughout the State of Maryland. MDOT SHA County Boundaries data is updated &amp;amp; published on an As-Needed basis as this data does not frequently or regularly change. For additional information, contact the MDOT SHA OIT Enterprise Information Services:Email: GIS@mdot.maryland.gov</abstract>
            <purpose>MDOT SHA County Boundaries data consists of polygon geometric features which represent the geographic area &amp; extent (boundary) of each County throughout the State of Maryland.</purpose>
        </descript>
        <keywords>
            <theme>
                <themekt>None</themekt>
                <themekey>MDOT SHA</themekey>
                <themekey>Maryland Department of Transportation State Highway Administration</themekey>
                <themekey>SHA</themekey>
                <themekey>State Highway Administration</themekey>
                <themekey>Maryland</themekey>
                <themekey>Statewide</themekey>
                <themekey>County</themekey>
                <themekey>Boundaries</themekey>
                <themekey>MD</themekey>
                <themekey>Maryland County Boundaries</themekey>
            </theme>
        </keywords>
        <accconst>None</accconst>
        <useconst>This data is provided “AS IS” without warranty of any kind, either expressed or implied. The Maryland Department of Transportation assumes no responsibility for errors or omissions in this data or other documents which are referenced by or linked to this data. In no event shall the Maryland Department of Transportation (MDOT) be liable for any special, incidental, indirect, or consequential damages of any kind, or any damages whatsoever, including, without limitation, those resulting from loss of use, data or profits, whether or not advised of the possibility of damage, and on any theory of liability, arising out of or in connection with the user or performance of this information. This data could contain technical or other inaccuracies or typographical errors. The Maryland Department of Transportation (MDOT) may make improvements and/or changes in the product(s) and/or the program(s) described in this publication at any time.</useconst>
        <datacred>Maryland Department of Transportation (MDOT), Maryland Department of Transportation State Highway Administration (MDOT SHA), MDOT SHA OIT Enterprise Information Services (GIS@mdot.maryland.gov)</datacred>
    </idinfo>
    <metainfo>
        <metstdn>FGDC Content Standard for Digital Geospatial Metadata</metstdn>
        <metstdv>FGDC-STD-001-1998</metstdv>
        <mettc>local time</mettc>
    </metainfo>
</metadata>
